outcome,version,beta,se,t,p,ci_lo,ci_hi,n
log_total,v1_2001,-0.8544867270540702,0.13396251402398499,-6.3785509945049315,1.7877131966537236e-10,-1.117053254541081,-0.5919201995670597,1406
log_total,v2_2009_10,-0.9152376567673249,0.055788618193726415,-16.4054548472442,1.7481259115564498e-60,-1.0245833484270288,-0.8058919651076212,1406
log_mean,v1_2001,-1.0883127350917419,0.11775175363619224,-9.242433352238734,2.4095402985283162e-20,-1.3191061722186785,-0.8575192979648051,1406
log_mean,v2_2009_10,-0.9268225155697313,0.05605305283388532,-16.534737515838682,2.062747166272867e-61,-1.0366864991241465,-0.8169585320153161,1406
