version,beta,se,t,p,ci_lo,ci_hi,n
v1_2001,0.268869991522523,0.03428503092013213,7.842197726140677,4.4272850140177754e-15,0.20167133091906403,0.33606865212598197,18130
v2_2009_10,0.03698534538541345,0.021445562126448263,1.7246153384713738,0.08459681735410113,-0.005047956382425146,0.07901864715325205,18130
