version,beta,se,t,p,ci_lo,ci_hi,n
v1_2001,0.2339409154633716,0.02865067678400198,8.165284095278334,3.206796095789354e-16,0.1777855889667277,0.2900962419600155,25752
v2_2009_10,0.0629992912076118,0.01860134122929992,3.3868144469269996,0.0007070919372538193,0.026540662398183958,0.09945792001703965,25752
