outcome,version,beta,se,t,p,ci_lo,ci_hi,n
log_total,v1_2001,0.31970318563638117,0.049094206478281076,6.512034893115454,7.413949071269859e-11,0.22347854093895025,0.4159278303338121,1406
log_total,v2_2009_10,0.2668969623208807,0.030797960996478625,8.66605949502297,4.4733326297593076e-18,0.20653295876778263,0.32726096587397885,1406
log_mean,v1_2001,0.40079726384757164,0.037422714487375254,10.7099997778831,9.136203263770777e-27,0.3274487434523161,0.47414578424282716,1406
log_mean,v2_2009_10,0.31614468641899984,0.033371786228865795,9.473412188693162,2.708484210525127e-21,0.25073598541042286,0.38155338742757683,1406
