version,beta,se,t,p,ci_lo,ci_hi,n
v1_2001,-1.1118993640762143,0.11324272571344095,-9.818726607569118,9.351733704619837e-23,-1.3338551064745585,-0.88994362167787,18130
v2_2009_10,-0.9024059252853047,0.0509942082973297,-17.696243464035874,4.482263741470247e-70,-1.002354573548071,-0.8024572770225386,18130
