outcome,version,beta,se,t,p,ci_lo,ci_hi,n
log_total,v1_2001,8.829613717727476,1.3558916471812386,6.512034893115057,7.413949071289438e-11,6.172066089252248,11.487161346202704,1406
log_total,v2_2009_10,8.807718809956011,1.016346450773193,8.666059495023056,4.473332629755928e-18,6.815679766440553,10.799757853471469,1406
log_mean,v1_2001,11.069282940837509,1.0335465145103835,10.709999777882567,9.136203263823352e-27,9.043531772397158,13.09503410927786,1406
log_mean,v2_2009_10,10.432915672874987,1.1012838315349704,9.473412188693972,2.7084842105041353e-21,8.274399363066445,12.59143198268353,1406
