"outcome","coef","se","n_obs","r2_w","t_stat","p_val"
"log(remit+1)",-63.7138844702083,22.3421206906444,7068,0.0037860868838816,-2.85173844293518,0.00434808619545622
"remit_sent_flag",-5.50989462023674,2.07424013069262,7067,0.00388628257580559,-2.65634365988132,0.00789930689192641
"log(earn_primary+1)",3.23163405545516,6.72199066058803,7068,0.0000207762945099166,0.480755511072438,0.630690272957677
