"spec","coef","se","n_obs","r2_within","t_stat","p_val"
"fxshock",-2.34944122311692,0.402348575270115,1110,0.17059809043817,-5.83931786396817,0.00000000524149827581061
