"outcome","coef","se","n_obs","r2_w","t_stat","p_val"
"log(n_intl_migrants+1)",-0.665058747757253,0.357255341101818,5502,0.000149877883441674,-1.86157818020616,0.0626625712690533
"log(remit_intl+1)",-74.9678473831462,26.178523432894,5502,0.00643534712955085,-2.86371565513688,0.00418703687119209
