"outcome","coef","se","n_obs","r2_w","t_stat","p_val"
"log(n_intl_migrants+1)",2.6801654036589,3.90647035001617,144,0.00726316191496856,0.686083641630048,0.492660365812714
"share_hh_with_migrant",0.175326481851077,1.23515776590098,144,0.000407408406408405,0.141946629565322,0.887122162122661
"log(intl_remit+1)",35.0057251133183,17.9037100940173,144,0.0284694038977477,1.95522184672862,0.0505568910489592
